Workbook

Sheet Invitati
A1: Lista invitati — Tamara & Nicolas
A2: Scrivi Nome e Tavolo per ogni invitato (una riga a testa). La colonna C si calcola da sola dal numero tavolo (vedi foglio 'Tavoli') — non scriverci dentro. Tavoli validi: numeri da 1 a 15.
A4: Nome | B4: Tavolo | C4: Nome tavolo
A5: Marcantonio Bixio | B5: 11 | C5: =IF(B5="","",IFERROR(INDEX(Tavoli!$B$5:$B$19,MATCH(B5,Tavoli!$A$5:$A$19,0)),"tavolo sconosciuto"))
A6: Viridiana Pareto | B6: 12 | C6: =IF(B6="","",IFERROR(INDEX(Tavoli!$B$5:$B$19,MATCH(B6,Tavoli!$A$5:$A$19,0)),"tavolo sconosciuto"))
A7: Giovanni Ortese | B7: 5 | C7: =IF(B7="","",IFERROR(INDEX(Tavoli!$B$5:$B$19,MATCH(B7,Tavoli!$A$5:$A$19,0)),"tavolo sconosciuto"))
A8: Marisa Boccioni | B8: 14 | C8: =IF(B8="","",IFERROR(INDEX(Tavoli!$B$5:$B$19,MATCH(B8,Tavoli!$A$5:$A$19,0)),"tavolo sconosciuto"))
A9: Ludovica Natta | B9: 14 | C9: =IF(B9="","",IFERROR(INDEX(Tavoli!$B$5:$B$19,MATCH(B9,Tavoli!$A$5:$A$19,0)),"tavolo sconosciuto"))
A10: Armando Donati | B10: 1 | C10: =IF(B10="","",IFERROR(INDEX(Tavoli!$B$5:$B$19,MATCH(B10,Tavoli!$A$5:$A$19,0)),"tavolo sconosciuto"))
A11: Romeo Cesaroni | B11: 5 | C11: =IF(B11="","",IFERROR(INDEX(Tavoli!$B$5:$B$19,MATCH(B11,Tavoli!$A$5:$A$19,0)),"tavolo sconosciuto"))
A12: Virgilio Baroffio | B12: 5 | C12: =IF(B12="","",IFERROR(INDEX(Tavoli!$B$5:$B$19,MATCH(B12,Tavoli!$A$5:$A$19,0)),"tavolo sconosciuto"))
A13: Claudia Rossi | B13: 1 | C13: =IF(B13="","",IFERROR(INDEX(Tavoli!$B$5:$B$19,MATCH(B13,Tavoli!$A$5:$A$19,0)),"tavolo sconosciuto"))
A14: Dante Pininfarina | B14: 12 | C14: =IF(B14="","",IFERROR(INDEX(Tavoli!$B$5:$B$19,MATCH(B14,Tavoli!$A$5:$A$19,0)),"tavolo sconosciuto"))
A15: Dario Savorgnan | B15: 8 | C15: =IF(B15="","",IFERROR(INDEX(Tavoli!$B$5:$B$19,MATCH(B15,Tavoli!$A$5:$A$19,0)),"tavolo sconosciuto"))
A16: Jolanda Papafava | B16: 14 | C16: =IF(B16="","",IFERROR(INDEX(Tavoli!$B$5:$B$19,MATCH(B16,Tavoli!$A$5:$A$19,0)),"tavolo sconosciuto"))
... A404: Annalisa Bataglia | B404: 3 | C404: =IF(B404="","",IFERROR(INDEX(Tavoli!$B$5:$B$19,MATCH(B404,Tavoli!$A$5:$A$19,0)),"tavolo sconosciuto"))
C405: =IF(B405="","",IFERROR(INDEX(Tavoli!$B$5:$B$19,MATCH(B405,Tavoli!$A$5:$A$19,0)),"tavolo sconosciuto"))
C406: =IF(B406="","",IFERROR(INDEX(Tavoli!$B$5:$B$19,MATCH(B406,Tavoli!$A$5:$A$19,0)),"tavolo sconosciuto"))
C407: =IF(B407="","",IFERROR(INDEX(Tavoli!$B$5:$B$19,MATCH(B407,Tavoli!$A$5:$A$19,0)),"tavolo sconosciuto"))
C408: =IF(B408="","",IFERROR(INDEX(Tavoli!$B$5:$B$19,MATCH(B408,Tavoli!$A$5:$A$19,0)),"tavolo sconosciuto"))
C409: =IF(B409="","",IFERROR(INDEX(Tavoli!$B$5:$B$19,MATCH(B409,Tavoli!$A$5:$A$19,0)),"tavolo sconosciuto"))
C410: =IF(B410="","",IFERROR(INDEX(Tavoli!$B$5:$B$19,MATCH(B410,Tavoli!$A$5:$A$19,0)),"tavolo sconosciuto"))
C411: =IF(B411="","",IFERROR(INDEX(Tavoli!$B$5:$B$19,MATCH(B411,Tavoli!$A$5:$A$19,0)),"tavolo sconosciuto"))
C412: =IF(B412="","",IFERROR(INDEX(Tavoli!$B$5:$B$19,MATCH(B412,Tavoli!$A$5:$A$19,0)),"tavolo sconosciuto"))
C413: =IF(B413="","",IFERROR(INDEX(Tavoli!$B$5:$B$19,MATCH(B413,Tavoli!$A$5:$A$19,0)),"tavolo sconosciuto"))
C414: =IF(B414="","",IFERROR(INDEX(Tavoli!$B$5:$B$19,MATCH(B414,Tavoli!$A$5:$A$19,0)),"tavolo sconosciuto"))
C415: =IF(B415="","",IFERROR(INDEX(Tavoli!$B$5:$B$19,MATCH(B415,Tavoli!$A$5:$A$19,0)),"tavolo sconosciuto"))
C416: =IF(B416="","",IFERROR(INDEX(Tavoli!$B$5:$B$19,MATCH(B416,Tavoli!$A$5:$A$19,0)),"tavolo sconosciuto"))
... C425: =IF(B425="","",IFERROR(INDEX(Tavoli!$B$5:$B$19,MATCH(B425,Tavoli!$A$5:$A$19,0)),"tavolo sconosciuto"))

Sheet Tavoli
A1: Nomi dei tavoli (riferimento)
A2: Questa tabella alimenta la colonna 'Nome tavolo' nel foglio Invitati. Deve restare identica alla mappa TABLE_NAMES in generate_invite.py: se cambi un nome qui, cambialo anche li'.
A4: Numero tavolo | B4: Nome tavolo
A5: 1 | B5: Amore
A6: 2 | B6: Pazienza
A7: 3 | B7: Fiducia
A8: 4 | B8: Rispetto
A9: 5 | B9: Gioia
A10: 6 | B10: Serenità
A11: 7 | B11: Armonia
A12: 8 | B12: Complicità
A13: 9 | B13: Gratitudine
A14: 10 | B14: Speranza
A15: 11 | B15: Tenerezza
A16: 12 | B16: Felicità
... A19: 15 | B19: Dolcezza
